{"version":"0.4","title":"Service Home 1 &#8211; 1","type":"section","content":[{"id":"2f3f1f7d","settings":{"content_width":{"unit":"px","size":1200,"sizes":[]},"gap":"extended","content_position":"middle","html_tag":"div","structure":"20","padding":{"unit":"px","top":"20","right":"0","bottom":"20","left":"0","isLinked":false},"background_background":"classic","background_image":{"url":"","id":"","source":"url"},"background_position":"initial","background_xpos":{"unit":"px","size":-582,"sizes":[]},"background_ypos":{"unit":"%","size":100,"sizes":[]},"background_ypos_tablet":{"unit":"%","size":0,"sizes":[]},"background_ypos_mobile":{"unit":"%","size":0,"sizes":[]},"background_repeat":"no-repeat","background_size":"contain","background_overlay_background":"classic","background_overlay_color":"#FFFFFF00","background_overlay_color_b":"#FFFFFF","background_overlay_opacity":{"unit":"px","size":1,"sizes":[]},"padding_tablet":{"unit":"px","top":"20","right":"15","bottom":"20","left":"15","isLinked":false},"padding_mobile":{"unit":"px","top":"10","right":"15","bottom":"0","left":"15","isLinked":false}},"elements":[{"id":"12cb8c82","settings":{"_column_size":50,"_inline_size":null,"space_between_widgets":0,"hide_tablet":"hidden-tablet","hide_mobile":"hidden-mobile"},"elements":[{"id":"59e208dd","settings":{"image":{"url":"https:\/\/live.21lab.co\/itlab\/wp-content\/uploads\/2022\/12\/img3.jpg","id":"","alt":"","source":"library"},"align":"left","width":{"unit":"px","size":480,"sizes":[]},"width_tablet":{"unit":"px","size":"","sizes":[]},"width_mobile":{"unit":"px","size":"","sizes":[]}},"elements":[],"isInner":false,"widgetType":"image","elType":"widget"},{"id":"6070712c","settings":{"image":{"url":"https:\/\/live.21lab.co\/itlab\/wp-content\/uploads\/2022\/12\/9.png","id":"","alt":"","source":"library"},"image_border_width":{"unit":"px","top":"3","right":"3","bottom":"3","left":"3","isLinked":true},"image_border_color":"#FFFFFF","image_border_radius":{"unit":"px","top":"8","right":"8","bottom":"8","left":"8","isLinked":true},"image_box_shadow_box_shadow_type":"yes","image_box_shadow_box_shadow":{"horizontal":0,"vertical":5,"blur":15,"spread":0,"color":"rgba(2.000000000000002, 5.999999999999989, 38, 0.12)"},"_element_width":"initial","_element_custom_width":{"unit":"px","size":200,"sizes":[]},"_position":"absolute","_offset_x":{"unit":"px","size":-45,"sizes":[]},"_offset_y":{"unit":"px","size":150,"sizes":[]},"_z_index":2,"_animation":"bounceInLeft","_background_background":"classic","hide_tablet":"hidden-tablet","hide_mobile":"hidden-mobile","css_filters_css_filter":"custom","css_filters_saturate":{"unit":"px","size":30,"sizes":[]}},"elements":[],"isInner":false,"widgetType":"image","elType":"widget"},{"id":"6d4ed4a9","settings":{"image":{"url":"https:\/\/live.21lab.co\/itlab\/wp-content\/uploads\/2022\/12\/i.jpg","id":"","alt":"","source":"library"},"image_border_width":{"unit":"px","top":"3","right":"3","bottom":"3","left":"3","isLinked":true},"image_border_color":"#FFFFFF","image_border_radius":{"unit":"px","top":"8","right":"8","bottom":"8","left":"8","isLinked":true},"image_box_shadow_box_shadow_type":"yes","image_box_shadow_box_shadow":{"horizontal":0,"vertical":5,"blur":15,"spread":0,"color":"rgba(2.000000000000002, 5.999999999999989, 38, 0.12)"},"_element_width":"initial","_element_custom_width":{"unit":"px","size":95,"sizes":[]},"_position":"absolute","_offset_orientation_h":"end","_offset_x_end":{"unit":"px","size":200,"sizes":[]},"_offset_orientation_v":"end","_offset_y_end":{"unit":"px","size":-10,"sizes":[]},"_z_index":2,"_animation":"bounceInUp","_animation_delay":200,"_offset_x":{"unit":"px","size":-63,"sizes":[]},"hide_tablet":"hidden-tablet","hide_mobile":"hidden-mobile","css_filters_css_filter":"custom","css_filters_saturate":{"unit":"px","size":30,"sizes":[]},"image_border_border":"none"},"elements":[],"isInner":false,"widgetType":"image","elType":"widget"},{"id":"31f2619f","settings":{"image":{"url":"https:\/\/live.21lab.co\/itlab\/wp-content\/uploads\/2022\/12\/7.png","id":"","alt":"","source":"library"},"image_border_width":{"unit":"px","top":"3","right":"3","bottom":"3","left":"3","isLinked":true},"image_border_color":"#FFFFFF","image_border_radius":{"unit":"px","top":"8","right":"8","bottom":"8","left":"8","isLinked":true},"image_box_shadow_box_shadow_type":"yes","image_box_shadow_box_shadow":{"horizontal":0,"vertical":5,"blur":15,"spread":0,"color":"rgba(2.000000000000002, 5.999999999999989, 38, 0.12)"},"_element_width":"initial","_element_custom_width":{"unit":"px","size":100,"sizes":[]},"_position":"absolute","_offset_x":{"unit":"px","size":-25,"sizes":[]},"_offset_y":{"unit":"px","size":100,"sizes":[]},"_z_index":2,"_animation":"bounceInDown","hide_tablet":"hidden-tablet","hide_mobile":"hidden-mobile","_offset_orientation_h":"end","_offset_x_end":{"unit":"px","size":70,"sizes":[]},"_animation_delay":100,"css_filters_css_filter":"custom","css_filters_saturate":{"unit":"px","size":0,"sizes":[]}},"elements":[],"isInner":false,"widgetType":"image","elType":"widget"}],"isInner":false,"elType":"column"},{"id":"1c58084e","settings":{"_column_size":50,"_inline_size":null,"space_between_widgets":20,"_inline_size_tablet":100,"padding_tablet":{"unit":"px","top":"0","right":"0","bottom":"0","left":"0","isLinked":true}},"elements":[{"id":"43bcb2d4","settings":{"editor":"<p>Applies deep technological expertise in machine learning and artificial intelligence development services to help clients deliver personalization and customer convenience at scale. <a href=\"#\"><strong>Find out More<\/strong><\/a><\/p>"},"elements":[],"isInner":false,"widgetType":"text-editor","elType":"widget"},{"id":"6e1f1c52","settings":{"text":"Divider","color":"#0206261F"},"elements":[],"isInner":false,"widgetType":"divider","elType":"widget"},{"id":"29f89764","settings":{"list_items":[{"text":"Robotics software","_id":"0e87ec4","description":"Bring intelligence to robotics by solving nontrivial tasks","icon_text":"1","button_text":"Get Started","icon":{"value":{"url":"https:\/\/live.21lab.co\/itlab\/wp-content\/uploads\/2022\/11\/l-settings.svg","id":""},"library":"svg"}},{"text":"Computer vision","description":"Recognise key objects in a diverse and changing environment","icon_text":"1","button_text":"Get Started","icon":{"value":{"url":"https:\/\/live.21lab.co\/itlab\/wp-content\/uploads\/2022\/11\/firewall.svg","id":""},"library":"svg"},"_id":"d3283cb"}],"_background_background":"classic","connector":"","items_spacing":{"unit":"px","size":30,"sizes":[]},"icon_position":"top","icon_horizontal_align":"left","content_align":"left","icon_size":{"unit":"px","size":42,"sizes":[]},"icon_box_size":{"unit":"px","size":42,"sizes":[]},"icon_spacing":{"unit":"px","size":18,"sizes":[]},"title_color":"#020626","title_typography_typography":"custom","title_typography_font_size":{"unit":"px","size":18,"sizes":[]},"title_typography_font_weight":"700","title_typography_line_height":{"unit":"px","size":24,"sizes":[]},"title_margin":{"unit":"px","size":10,"sizes":[]},"description_typography_typography":"custom","description_typography_font_size":{"unit":"px","size":14,"sizes":[]},"description_typography_line_height":{"unit":"px","size":22,"sizes":[]},"_margin":{"unit":"px","top":"0","right":"0","bottom":"30","left":"0","isLinked":false},"_margin_mobile":{"unit":"px","top":"0","right":"0","bottom":"0","left":"0","isLinked":true}},"elements":[],"isInner":false,"widgetType":"pp-info-list","elType":"widget"},{"id":"44a5c3e0","settings":{"list_items":[{"text":"Smart AI & chatbots","_id":"0e87ec4","description":"Support users throughout their product journey","icon_text":"1","button_text":"Get Started","icon":{"value":{"url":"https:\/\/live.21lab.co\/itlab\/wp-content\/uploads\/2022\/11\/vpn.svg","id":""},"library":"svg"}},{"text":"AI security","description":"Secure AI training data, training pipelines, and ML models","icon_text":"1","button_text":"Get Started","icon":{"value":{"url":"https:\/\/live.21lab.co\/itlab\/wp-content\/uploads\/2022\/11\/credit-locked.svg","id":""},"library":"svg"},"_id":"d3283cb"}],"_background_background":"classic","connector":"","items_spacing":{"unit":"px","size":30,"sizes":[]},"icon_position":"top","icon_horizontal_align":"left","content_align":"left","icon_size":{"unit":"px","size":42,"sizes":[]},"icon_box_size":{"unit":"px","size":42,"sizes":[]},"icon_spacing":{"unit":"px","size":18,"sizes":[]},"title_color":"#020626","title_typography_typography":"custom","title_typography_font_size":{"unit":"px","size":18,"sizes":[]},"title_typography_font_weight":"700","title_typography_line_height":{"unit":"px","size":24,"sizes":[]},"title_margin":{"unit":"px","size":10,"sizes":[]},"description_typography_typography":"custom","description_typography_font_size":{"unit":"px","size":14,"sizes":[]},"description_typography_line_height":{"unit":"px","size":22,"sizes":[]}},"elements":[],"isInner":false,"widgetType":"pp-info-list","elType":"widget"}],"isInner":false,"elType":"column"}],"isInner":false,"elType":"section"}]}